{"name":"e_scoreboard","tabColor":[0.9999999999999999,0.875,0.8000000000000002,1],"tabTextColor":null,"uiState":{"viewsUIState":[{"scroll":0,"eventSheetView":{"conditionsColumnWidth":300,"conditionNameCellWidth":90,"actionNameCellWidth":90,"fontSizeEm":1}}],"bookmark":false,"eventsUIState":[{"viewsUIState":[{"expanded":true}],"bookmark":false,"children":[]},{"viewsUIState":[{"expanded":true}],"bookmark":false,"children":[{"viewsUIState":[{"expanded":true}],"bookmark":false,"children":[]},{"viewsUIState":[{"expanded":true}],"bookmark":false,"children":[]},{"viewsUIState":[{"expanded":true}],"bookmark":false,"children":[{"viewsUIState":[{"expanded":true}],"bookmark":false,"children":[]},{"viewsUIState":[{"expanded":true}],"bookmark":false,"children":[]}]}]},{"viewsUIState":[{"expanded":true}],"bookmark":false,"children":[]}]}}