{
	"name": "Game",
	"layers": [
		{
			"name": "bg",
			"overriden": 0,
			"subLayers": [],
			"instances": [
				{
					"type": "Bg",
					"properties": {
						"initially-visible": true,
						"initial-animation": "Animation 1",
						"initial-frame": 0,
						"enable-collisions": true,
						"live-preview": false
					},
					"uid": 12,
					"instanceVariables": {},
					"behaviors": {},
					"world": {
						"x": 0,
						"y": 0,
						"width": 1280,
						"height": 720,
						"originX": 0,
						"originY": 0,
						"color": [
							1,
							1,
							1,
							0.3
						],
						"angle": 0,
						"zElevation": 0
					}
				}
			],
			"sid": 759773007263007,
			"effectTypes": [],
			"isInitiallyVisible": true,
			"isInitiallyInteractive": true,
			"color": [
				1,
				1,
				1,
				1
			],
			"backgroundColor": [
				0,
				0,
				0,
				1
			],
			"isTransparent": false,
			"parallaxX": 1,
			"parallaxY": 1,
			"scaleRate": 1,
			"forceOwnTexture": false,
			"renderingMode": "3d",
			"drawOrder": "z-order",
			"useRenderCells": false,
			"blendMode": "normal",
			"zElevation": 0,
			"global": false
		},
		{
			"name": "game",
			"overriden": 0,
			"subLayers": [],
			"instances": [
				{
					"type": "Player",
					"properties": {
						"initially-visible": true,
						"initial-animation": "Animation 1",
						"initial-frame": 0,
						"enable-collisions": true,
						"live-preview": false
					},
					"uid": 2,
					"instanceVariables": {},
					"behaviors": {
						"Car": {
							"properties": {
								"max-speed": 300,
								"acceleration": 1000,
								"deceleration": 800,
								"steer-speed": 180,
								"drift-recover": 50,
								"friction": 0,
								"turn-while-stopped": true,
								"set-angle": true,
								"default-controls": true,
								"enabled": false
							}
						},
						"Wrap": {
							"properties": {
								"wrap-to": "layout"
							}
						},
						"Physics": {
							"properties": {
								"immovable": false,
								"collision-mask": "bounding-box",
								"prevent-rotation": false,
								"density": 1,
								"friction": 0.5,
								"elasticity": 0.2,
								"linear-damping": 0,
								"angular-damping": 0.01,
								"bullet": false,
								"enabled": true
							}
						},
						"Flash": {
							"properties": {}
						}
					},
					"world": {
						"x": 664,
						"y": 386,
						"width": 50,
						"height": 68,
						"originX": 0.5,
						"originY": 0.5,
						"color": [
							1,
							1,
							1,
							1
						],
						"angle": 4.71238898038469,
						"zElevation": 0
					}
				}
			],
			"sid": 667354156225438,
			"effectTypes": [],
			"isInitiallyVisible": true,
			"isInitiallyInteractive": true,
			"color": [
				1,
				1,
				1,
				1
			],
			"backgroundColor": [
				0.3686274509803922,
				0.3686274509803922,
				0.3686274509803922,
				1
			],
			"isTransparent": true,
			"parallaxX": 1,
			"parallaxY": 1,
			"scaleRate": 1,
			"forceOwnTexture": false,
			"renderingMode": "3d",
			"drawOrder": "z-order",
			"useRenderCells": false,
			"blendMode": "normal",
			"zElevation": 0,
			"global": false
		},
		{
			"name": "ui",
			"overriden": 0,
			"subLayers": [],
			"instances": [
				{
					"type": "GameText",
					"properties": {
						"text": "0",
						"enable-bbcode": true,
						"font": "Dispence",
						"size": 30,
						"line-height": 0,
						"bold": false,
						"italic": false,
						"color": [
							1,
							0.9490196078431372,
							0.4,
							1
						],
						"horizontal-alignment": "center",
						"vertical-alignment": "top",
						"wrapping": "word",
						"initially-visible": true,
						"origin": "top-left"
					},
					"uid": 9,
					"instanceVariables": {
						"use": "score"
					},
					"behaviors": {},
					"world": {
						"x": 499,
						"y": 8,
						"width": 309,
						"height": 59,
						"originX": 0,
						"originY": 0,
						"color": [
							1,
							1,
							1,
							1
						],
						"angle": 0,
						"zElevation": 0
					}
				},
				{
					"type": "GameText",
					"properties": {
						"text": "Life : 3",
						"enable-bbcode": true,
						"font": "Arial",
						"size": 24,
						"line-height": 0,
						"bold": false,
						"italic": false,
						"color": [
							1,
							1,
							1,
							1
						],
						"horizontal-alignment": "left",
						"vertical-alignment": "top",
						"wrapping": "word",
						"initially-visible": true,
						"origin": "top-left"
					},
					"uid": 10,
					"instanceVariables": {
						"use": "life"
					},
					"behaviors": {},
					"world": {
						"x": 47,
						"y": -111,
						"width": 309,
						"height": 42,
						"originX": 0,
						"originY": 0,
						"color": [
							1,
							1,
							1,
							1
						],
						"angle": 0,
						"zElevation": 0
					}
				},
				{
					"type": "Lifes",
					"properties": {
						"initially-visible": true,
						"initial-animation": "Animation 1",
						"initial-frame": 0,
						"enable-collisions": true,
						"live-preview": false
					},
					"uid": 76,
					"instanceVariables": {},
					"behaviors": {},
					"world": {
						"x": 229,
						"y": 46,
						"width": 368.9347663776149,
						"height": 56.47339827733883,
						"originX": 0.5,
						"originY": 0.5,
						"color": [
							1,
							1,
							1,
							0.7
						],
						"angle": 0,
						"zElevation": 0
					}
				}
			],
			"sid": 672693105794666,
			"effectTypes": [],
			"isInitiallyVisible": true,
			"isInitiallyInteractive": true,
			"color": [
				1,
				1,
				1,
				1
			],
			"backgroundColor": [
				0.3686274509803922,
				0.3686274509803922,
				0.3686274509803922,
				1
			],
			"isTransparent": true,
			"parallaxX": 1,
			"parallaxY": 1,
			"scaleRate": 1,
			"forceOwnTexture": false,
			"renderingMode": "3d",
			"drawOrder": "z-order",
			"useRenderCells": false,
			"blendMode": "normal",
			"zElevation": 0,
			"global": false
		}
	],
	"sid": 542939611628865,
	"nonworld-instances": [],
	"effectTypes": [],
	"width": 1280,
	"height": 720,
	"unboundedScrolling": false,
	"vpX": 0.5,
	"vpY": 0.5,
	"projection": "perspective",
	"eventSheet": "e_game"
}