{
	"name": "Hidden",
	"layers": [
		{
			"name": "Layer 0",
			"overriden": 0,
			"subLayers": [],
			"instances": [
				{
					"type": "AsteroidSmall",
					"properties": {
						"initially-visible": true,
						"initial-animation": "Animation 1",
						"initial-frame": 0,
						"enable-collisions": true,
						"live-preview": false
					},
					"uid": 3,
					"instanceVariables": {
						"hp": 1
					},
					"behaviors": {
						"Wrap": {
							"properties": {
								"wrap-to": "layout"
							}
						},
						"Bullet": {
							"properties": {
								"speed": 120,
								"acceleration": 0,
								"gravity": 0,
								"bounce-off-solids": false,
								"set-angle": true,
								"step": false,
								"enabled": true
							}
						},
						"Rotate": {
							"properties": {
								"speed": 20,
								"acceleration": 0,
								"enabled": false,
								"live-preview": false
							}
						}
					},
					"world": {
						"x": 166,
						"y": 537,
						"width": 37,
						"height": 30,
						"originX": 0.4864864864864865,
						"originY": 0.5333333333333333,
						"color": [
							1,
							1,
							1,
							1
						],
						"angle": 0,
						"zElevation": 0
					}
				},
				{
					"type": "AsteroidMedium",
					"properties": {
						"initially-visible": true,
						"initial-animation": "Animation 1",
						"initial-frame": 0,
						"enable-collisions": true,
						"live-preview": false
					},
					"uid": 4,
					"instanceVariables": {
						"hp": 3
					},
					"behaviors": {
						"Wrap": {
							"properties": {
								"wrap-to": "layout"
							}
						},
						"Bullet": {
							"properties": {
								"speed": 80,
								"acceleration": 0,
								"gravity": 0,
								"bounce-off-solids": false,
								"set-angle": true,
								"step": false,
								"enabled": true
							}
						},
						"Rotate": {
							"properties": {
								"speed": 20,
								"acceleration": 0,
								"enabled": false,
								"live-preview": false
							}
						}
					},
					"world": {
						"x": 136,
						"y": 398,
						"width": 58,
						"height": 62,
						"originX": 0.5,
						"originY": 0.5161290322580645,
						"color": [
							1,
							1,
							1,
							1
						],
						"angle": 0,
						"zElevation": 0
					}
				},
				{
					"type": "AsteroidBig",
					"properties": {
						"initially-visible": true,
						"initial-animation": "Animation 1",
						"initial-frame": 0,
						"enable-collisions": true,
						"live-preview": false
					},
					"uid": 5,
					"instanceVariables": {
						"hp": 5
					},
					"behaviors": {
						"Wrap": {
							"properties": {
								"wrap-to": "layout"
							}
						},
						"Bullet": {
							"properties": {
								"speed": 70,
								"acceleration": 0,
								"gravity": 0,
								"bounce-off-solids": false,
								"set-angle": true,
								"step": false,
								"enabled": true
							}
						},
						"Rotate": {
							"properties": {
								"speed": 5,
								"acceleration": 0,
								"enabled": false,
								"live-preview": false
							}
						}
					},
					"world": {
						"x": 190,
						"y": 234,
						"width": 144,
						"height": 152,
						"originX": 0.5208333333333334,
						"originY": 0.5592105263157895,
						"color": [
							1,
							1,
							1,
							1
						],
						"angle": 0,
						"zElevation": 0
					}
				},
				{
					"type": "LaserBasic1",
					"properties": {
						"initially-visible": true,
						"initial-animation": "Animation 1",
						"initial-frame": 0,
						"enable-collisions": true,
						"live-preview": false
					},
					"uid": 6,
					"instanceVariables": {},
					"behaviors": {
						"Bullet": {
							"properties": {
								"speed": 800,
								"acceleration": 0,
								"gravity": 0,
								"bounce-off-solids": false,
								"set-angle": true,
								"step": false,
								"enabled": true
							}
						},
						"DestroyOutsideLayout": {
							"properties": {}
						},
						"Fade": {
							"properties": {
								"fade-in-time": 0,
								"wait-time": 0.3,
								"fade-out-time": 0.2,
								"destroy": true,
								"enabled": false,
								"live-preview": false
							}
						}
					},
					"world": {
						"x": 468,
						"y": 353,
						"width": 128,
						"height": 123,
						"originX": 0.5,
						"originY": 0.5,
						"color": [
							1,
							1,
							1,
							1
						],
						"angle": 0,
						"zElevation": 0
					}
				},
				{
					"type": "HitParticle",
					"properties": {
						"rate": 5,
						"spray-cone": 360,
						"type": "one-shot",
						"object": -1,
						"live-preview": false,
						"speed": 200,
						"size": 12,
						"opacity": 100,
						"grow-rate": 0,
						"x-randomiser": 0,
						"y-randomiser": 0,
						"initial-speed-randomiser": 0,
						"size-randomiser": 0,
						"grow-rate-randomiser": 0,
						"acceleration": -150,
						"gravity": 0,
						"angle-randomiser": 0,
						"life-speed-randomiser": 800,
						"opacity-randomiser": 0,
						"destroy-mode": "fade-to-invisible",
						"timeout": 0.3
					},
					"uid": 8,
					"instanceVariables": {},
					"behaviors": {},
					"world": {
						"x": 391,
						"y": 208,
						"width": 100,
						"height": 100,
						"originX": 0,
						"originY": 0.5,
						"color": [
							1,
							1,
							1,
							1
						],
						"angle": 0,
						"zElevation": 0
					}
				},
				{
					"type": "Explosion",
					"properties": {
						"initially-visible": true,
						"initial-animation": "Animation 1",
						"initial-frame": 0,
						"enable-collisions": true,
						"live-preview": false
					},
					"uid": 11,
					"instanceVariables": {},
					"behaviors": {
						"Sine": {
							"properties": {
								"movement": "size",
								"wave": "sine",
								"period": 4,
								"period-random": 0,
								"period-offset": 0,
								"period-offset-random": 0,
								"magnitude": 100,
								"magnitude-random": 0,
								"enabled": true,
								"live-preview": false
							}
						},
						"Fade": {
							"properties": {
								"fade-in-time": 0,
								"wait-time": 0,
								"fade-out-time": 1,
								"destroy": true,
								"enabled": true,
								"live-preview": false
							}
						}
					},
					"world": {
						"x": 387,
						"y": 492,
						"width": 114.41153787970862,
						"height": 114.41153787970862,
						"originX": 0.5,
						"originY": 0.5,
						"color": [
							1,
							1,
							1,
							1
						],
						"angle": 0,
						"zElevation": 0
					}
				},
				{
					"type": "Enemy",
					"properties": {
						"initially-visible": true,
						"initial-animation": "Animation 1",
						"initial-frame": 0,
						"enable-collisions": true,
						"live-preview": false
					},
					"uid": 77,
					"instanceVariables": {
						"hp": 5
					},
					"behaviors": {
						"MoveTo": {
							"properties": {
								"max-speed": 200,
								"acceleration": 600,
								"deceleration": 600,
								"rotate-speed": 0,
								"set-angle": true,
								"stop-on-solids": false,
								"enabled": true
							}
						},
						"Timer": {
							"properties": {}
						}
					},
					"world": {
						"x": 675,
						"y": 247,
						"width": 60,
						"height": 81,
						"originX": 0.556,
						"originY": 0.5,
						"color": [
							1,
							1,
							1,
							1
						],
						"angle": 0,
						"zElevation": 0
					}
				},
				{
					"type": "LaserEnemy1",
					"properties": {
						"initially-visible": true,
						"initial-animation": "Animation 1",
						"initial-frame": 0,
						"enable-collisions": true,
						"live-preview": false
					},
					"uid": 78,
					"instanceVariables": {},
					"behaviors": {
						"Bullet": {
							"properties": {
								"speed": 600,
								"acceleration": 0,
								"gravity": 0,
								"bounce-off-solids": false,
								"set-angle": true,
								"step": false,
								"enabled": true
							}
						},
						"DestroyOutsideLayout": {
							"properties": {}
						}
					},
					"world": {
						"x": 594,
						"y": 445,
						"width": 129,
						"height": 125,
						"originX": 0.5,
						"originY": 0.5,
						"color": [
							1,
							1,
							1,
							1
						],
						"angle": 0,
						"zElevation": 0
					}
				},
				{
					"type": "HitParticle2",
					"properties": {
						"rate": 5,
						"spray-cone": 360,
						"type": "one-shot",
						"object": -1,
						"live-preview": false,
						"speed": 200,
						"size": 12,
						"opacity": 100,
						"grow-rate": 0,
						"x-randomiser": 0,
						"y-randomiser": 0,
						"initial-speed-randomiser": 0,
						"size-randomiser": 0,
						"grow-rate-randomiser": 0,
						"acceleration": -150,
						"gravity": 0,
						"angle-randomiser": 0,
						"life-speed-randomiser": 800,
						"opacity-randomiser": 0,
						"destroy-mode": "fade-to-invisible",
						"timeout": 0.3
					},
					"uid": 79,
					"instanceVariables": {},
					"behaviors": {},
					"world": {
						"x": 399,
						"y": 89,
						"width": 100,
						"height": 100,
						"originX": 0,
						"originY": 0.5,
						"color": [
							1,
							1,
							1,
							1
						],
						"angle": 0,
						"zElevation": 0
					}
				},
				{
					"type": "HitParticle3",
					"properties": {
						"rate": 5,
						"spray-cone": 360,
						"type": "one-shot",
						"object": -1,
						"live-preview": false,
						"speed": 200,
						"size": 12,
						"opacity": 100,
						"grow-rate": 0,
						"x-randomiser": 0,
						"y-randomiser": 0,
						"initial-speed-randomiser": 0,
						"size-randomiser": 0,
						"grow-rate-randomiser": 0,
						"acceleration": -150,
						"gravity": 0,
						"angle-randomiser": 0,
						"life-speed-randomiser": 800,
						"opacity-randomiser": 0,
						"destroy-mode": "fade-to-invisible",
						"timeout": 0.3
					},
					"uid": 80,
					"instanceVariables": {},
					"behaviors": {},
					"world": {
						"x": 666,
						"y": 97,
						"width": 100,
						"height": 100,
						"originX": 0,
						"originY": 0.5,
						"color": [
							1,
							1,
							1,
							1
						],
						"angle": 0,
						"zElevation": 0
					}
				},
				{
					"type": "HitParticle4",
					"properties": {
						"rate": 5,
						"spray-cone": 360,
						"type": "one-shot",
						"object": -1,
						"live-preview": false,
						"speed": 200,
						"size": 12,
						"opacity": 100,
						"grow-rate": 0,
						"x-randomiser": 0,
						"y-randomiser": 0,
						"initial-speed-randomiser": 0,
						"size-randomiser": 0,
						"grow-rate-randomiser": 0,
						"acceleration": -150,
						"gravity": 0,
						"angle-randomiser": 0,
						"life-speed-randomiser": 800,
						"opacity-randomiser": 0,
						"destroy-mode": "fade-to-invisible",
						"timeout": 0.3
					},
					"uid": 81,
					"instanceVariables": {},
					"behaviors": {},
					"world": {
						"x": 891,
						"y": 94,
						"width": 100,
						"height": 100,
						"originX": 0,
						"originY": 0.5,
						"color": [
							1,
							1,
							1,
							1
						],
						"angle": 0,
						"zElevation": 0
					}
				},
				{
					"type": "Thruster",
					"properties": {
						"rate": 10,
						"spray-cone": 40,
						"type": "one-shot",
						"object": -1,
						"live-preview": false,
						"speed": 200,
						"size": 32,
						"opacity": 100,
						"grow-rate": 0,
						"x-randomiser": 0,
						"y-randomiser": 0,
						"initial-speed-randomiser": 0,
						"size-randomiser": 0,
						"grow-rate-randomiser": 0,
						"acceleration": -150,
						"gravity": 0,
						"angle-randomiser": 0,
						"life-speed-randomiser": 800,
						"opacity-randomiser": 0,
						"destroy-mode": "fade-to-invisible",
						"timeout": 1
					},
					"uid": 83,
					"instanceVariables": {},
					"behaviors": {},
					"world": {
						"x": 819,
						"y": 335,
						"width": 100,
						"height": 100,
						"originX": 0,
						"originY": 0.5,
						"color": [
							1,
							1,
							1,
							1
						],
						"angle": 0,
						"zElevation": 0
					}
				}
			],
			"sid": 344217005524547,
			"effectTypes": [],
			"isInitiallyVisible": true,
			"isInitiallyInteractive": true,
			"color": [
				1,
				1,
				1,
				1
			],
			"backgroundColor": [
				0.3686274509803922,
				0.3686274509803922,
				0.3686274509803922,
				1
			],
			"isTransparent": false,
			"parallaxX": 1,
			"parallaxY": 1,
			"scaleRate": 1,
			"forceOwnTexture": false,
			"renderingMode": "3d",
			"drawOrder": "z-order",
			"useRenderCells": false,
			"blendMode": "normal",
			"zElevation": 0,
			"global": false
		}
	],
	"sid": 701098468195197,
	"nonworld-instances": [],
	"effectTypes": [],
	"width": 2560,
	"height": 1440,
	"unboundedScrolling": false,
	"vpX": 0.5,
	"vpY": 0.5,
	"projection": "perspective",
	"eventSheet": null
}