{
	"name": "Scoreboard",
	"layers": [
		{
			"name": "bg",
			"overriden": 0,
			"subLayers": [],
			"instances": [
				{
					"type": "Bg",
					"properties": {
						"initially-visible": true,
						"initial-animation": "Animation 1",
						"initial-frame": 0,
						"enable-collisions": true,
						"live-preview": false
					},
					"uid": 33,
					"instanceVariables": {},
					"behaviors": {},
					"world": {
						"x": 0,
						"y": 0,
						"width": 1280,
						"height": 720,
						"originX": 0,
						"originY": 0,
						"color": [
							1,
							1,
							1,
							0.3
						],
						"angle": 0,
						"zElevation": 0
					}
				}
			],
			"sid": 382450928803526,
			"effectTypes": [],
			"isInitiallyVisible": true,
			"isInitiallyInteractive": true,
			"color": [
				1,
				1,
				1,
				1
			],
			"backgroundColor": [
				0,
				0,
				0,
				1
			],
			"isTransparent": false,
			"parallaxX": 1,
			"parallaxY": 1,
			"scaleRate": 1,
			"forceOwnTexture": false,
			"renderingMode": "3d",
			"drawOrder": "z-order",
			"useRenderCells": false,
			"blendMode": "normal",
			"zElevation": 0,
			"global": false
		},
		{
			"name": "ui",
			"overriden": 0,
			"subLayers": [],
			"instances": [
				{
					"type": "Highscore",
					"properties": {
						"initially-visible": true,
						"initial-animation": "Default",
						"initial-frame": 0,
						"enable-collisions": true,
						"live-preview": false
					},
					"uid": 34,
					"instanceVariables": {},
					"behaviors": {},
					"world": {
						"x": 640,
						"y": 98,
						"width": 468.4935557344475,
						"height": 122.15322772217189,
						"originX": 0.5,
						"originY": 0.5,
						"color": [
							1,
							1,
							1,
							1
						],
						"angle": 0,
						"zElevation": 0
					}
				},
				{
					"type": "GameText",
					"properties": {
						"text": "1. address",
						"enable-bbcode": true,
						"font": "Dispence",
						"size": 18,
						"line-height": 0,
						"bold": false,
						"italic": false,
						"color": [
							1,
							1,
							1,
							1
						],
						"horizontal-alignment": "left",
						"vertical-alignment": "top",
						"wrapping": "word",
						"initially-visible": true,
						"origin": "top-left"
					},
					"uid": 35,
					"instanceVariables": {
						"use": "address1"
					},
					"behaviors": {},
					"world": {
						"x": 160,
						"y": 192,
						"width": 272,
						"height": 40,
						"originX": 0,
						"originY": 0,
						"color": [
							1,
							1,
							1,
							1
						],
						"angle": 0,
						"zElevation": 0
					}
				},
				{
					"type": "GameText",
					"properties": {
						"text": "100",
						"enable-bbcode": true,
						"font": "Dispence",
						"size": 18,
						"line-height": 0,
						"bold": false,
						"italic": false,
						"color": [
							1,
							1,
							1,
							1
						],
						"horizontal-alignment": "left",
						"vertical-alignment": "top",
						"wrapping": "word",
						"initially-visible": true,
						"origin": "top-left"
					},
					"uid": 36,
					"instanceVariables": {
						"use": "score1"
					},
					"behaviors": {},
					"world": {
						"x": 440,
						"y": 192,
						"width": 216,
						"height": 40,
						"originX": 0,
						"originY": 0,
						"color": [
							1,
							1,
							1,
							1
						],
						"angle": 0,
						"zElevation": 0
					}
				},
				{
					"type": "GameText",
					"properties": {
						"text": "1. address",
						"enable-bbcode": true,
						"font": "Dispence",
						"size": 18,
						"line-height": 0,
						"bold": false,
						"italic": false,
						"color": [
							1,
							1,
							1,
							1
						],
						"horizontal-alignment": "left",
						"vertical-alignment": "top",
						"wrapping": "word",
						"initially-visible": true,
						"origin": "top-left"
					},
					"uid": 37,
					"instanceVariables": {
						"use": "address2"
					},
					"behaviors": {},
					"world": {
						"x": 160,
						"y": 240,
						"width": 272,
						"height": 40,
						"originX": 0,
						"originY": 0,
						"color": [
							1,
							1,
							1,
							1
						],
						"angle": 0,
						"zElevation": 0
					}
				},
				{
					"type": "GameText",
					"properties": {
						"text": "100",
						"enable-bbcode": true,
						"font": "Dispence",
						"size": 18,
						"line-height": 0,
						"bold": false,
						"italic": false,
						"color": [
							1,
							1,
							1,
							1
						],
						"horizontal-alignment": "left",
						"vertical-alignment": "top",
						"wrapping": "word",
						"initially-visible": true,
						"origin": "top-left"
					},
					"uid": 38,
					"instanceVariables": {
						"use": "score2"
					},
					"behaviors": {},
					"world": {
						"x": 440,
						"y": 240,
						"width": 216,
						"height": 40,
						"originX": 0,
						"originY": 0,
						"color": [
							1,
							1,
							1,
							1
						],
						"angle": 0,
						"zElevation": 0
					}
				},
				{
					"type": "GameText",
					"properties": {
						"text": "1. address",
						"enable-bbcode": true,
						"font": "Dispence",
						"size": 18,
						"line-height": 0,
						"bold": false,
						"italic": false,
						"color": [
							1,
							1,
							1,
							1
						],
						"horizontal-alignment": "left",
						"vertical-alignment": "top",
						"wrapping": "word",
						"initially-visible": true,
						"origin": "top-left"
					},
					"uid": 39,
					"instanceVariables": {
						"use": "address3"
					},
					"behaviors": {},
					"world": {
						"x": 160,
						"y": 288,
						"width": 272,
						"height": 40,
						"originX": 0,
						"originY": 0,
						"color": [
							1,
							1,
							1,
							1
						],
						"angle": 0,
						"zElevation": 0
					}
				},
				{
					"type": "GameText",
					"properties": {
						"text": "100",
						"enable-bbcode": true,
						"font": "Dispence",
						"size": 18,
						"line-height": 0,
						"bold": false,
						"italic": false,
						"color": [
							1,
							1,
							1,
							1
						],
						"horizontal-alignment": "left",
						"vertical-alignment": "top",
						"wrapping": "word",
						"initially-visible": true,
						"origin": "top-left"
					},
					"uid": 40,
					"instanceVariables": {
						"use": "score3"
					},
					"behaviors": {},
					"world": {
						"x": 440,
						"y": 288,
						"width": 216,
						"height": 40,
						"originX": 0,
						"originY": 0,
						"color": [
							1,
							1,
							1,
							1
						],
						"angle": 0,
						"zElevation": 0
					}
				},
				{
					"type": "GameText",
					"properties": {
						"text": "1. address",
						"enable-bbcode": true,
						"font": "Dispence",
						"size": 18,
						"line-height": 0,
						"bold": false,
						"italic": false,
						"color": [
							1,
							1,
							1,
							1
						],
						"horizontal-alignment": "left",
						"vertical-alignment": "top",
						"wrapping": "word",
						"initially-visible": true,
						"origin": "top-left"
					},
					"uid": 41,
					"instanceVariables": {
						"use": "address4"
					},
					"behaviors": {},
					"world": {
						"x": 160,
						"y": 336,
						"width": 272,
						"height": 40,
						"originX": 0,
						"originY": 0,
						"color": [
							1,
							1,
							1,
							1
						],
						"angle": 0,
						"zElevation": 0
					}
				},
				{
					"type": "GameText",
					"properties": {
						"text": "100",
						"enable-bbcode": true,
						"font": "Dispence",
						"size": 18,
						"line-height": 0,
						"bold": false,
						"italic": false,
						"color": [
							1,
							1,
							1,
							1
						],
						"horizontal-alignment": "left",
						"vertical-alignment": "top",
						"wrapping": "word",
						"initially-visible": true,
						"origin": "top-left"
					},
					"uid": 42,
					"instanceVariables": {
						"use": "score4"
					},
					"behaviors": {},
					"world": {
						"x": 440,
						"y": 336,
						"width": 216,
						"height": 40,
						"originX": 0,
						"originY": 0,
						"color": [
							1,
							1,
							1,
							1
						],
						"angle": 0,
						"zElevation": 0
					}
				},
				{
					"type": "GameText",
					"properties": {
						"text": "1. address",
						"enable-bbcode": true,
						"font": "Dispence",
						"size": 18,
						"line-height": 0,
						"bold": false,
						"italic": false,
						"color": [
							1,
							1,
							1,
							1
						],
						"horizontal-alignment": "left",
						"vertical-alignment": "top",
						"wrapping": "word",
						"initially-visible": true,
						"origin": "top-left"
					},
					"uid": 43,
					"instanceVariables": {
						"use": "address5"
					},
					"behaviors": {},
					"world": {
						"x": 160,
						"y": 384,
						"width": 272,
						"height": 40,
						"originX": 0,
						"originY": 0,
						"color": [
							1,
							1,
							1,
							1
						],
						"angle": 0,
						"zElevation": 0
					}
				},
				{
					"type": "GameText",
					"properties": {
						"text": "100",
						"enable-bbcode": true,
						"font": "Dispence",
						"size": 18,
						"line-height": 0,
						"bold": false,
						"italic": false,
						"color": [
							1,
							1,
							1,
							1
						],
						"horizontal-alignment": "left",
						"vertical-alignment": "top",
						"wrapping": "word",
						"initially-visible": true,
						"origin": "top-left"
					},
					"uid": 44,
					"instanceVariables": {
						"use": "score5"
					},
					"behaviors": {},
					"world": {
						"x": 440,
						"y": 384,
						"width": 216,
						"height": 40,
						"originX": 0,
						"originY": 0,
						"color": [
							1,
							1,
							1,
							1
						],
						"angle": 0,
						"zElevation": 0
					}
				},
				{
					"type": "GameText",
					"properties": {
						"text": "1. address",
						"enable-bbcode": true,
						"font": "Dispence",
						"size": 18,
						"line-height": 0,
						"bold": false,
						"italic": false,
						"color": [
							1,
							1,
							1,
							1
						],
						"horizontal-alignment": "left",
						"vertical-alignment": "top",
						"wrapping": "word",
						"initially-visible": true,
						"origin": "top-left"
					},
					"uid": 45,
					"instanceVariables": {
						"use": "address6"
					},
					"behaviors": {},
					"world": {
						"x": 672,
						"y": 192,
						"width": 272,
						"height": 40,
						"originX": 0,
						"originY": 0,
						"color": [
							1,
							1,
							1,
							1
						],
						"angle": 0,
						"zElevation": 0
					}
				},
				{
					"type": "GameText",
					"properties": {
						"text": "100",
						"enable-bbcode": true,
						"font": "Dispence",
						"size": 18,
						"line-height": 0,
						"bold": false,
						"italic": false,
						"color": [
							1,
							1,
							1,
							1
						],
						"horizontal-alignment": "left",
						"vertical-alignment": "top",
						"wrapping": "word",
						"initially-visible": true,
						"origin": "top-left"
					},
					"uid": 46,
					"instanceVariables": {
						"use": "score6"
					},
					"behaviors": {},
					"world": {
						"x": 952,
						"y": 192,
						"width": 216,
						"height": 40,
						"originX": 0,
						"originY": 0,
						"color": [
							1,
							1,
							1,
							1
						],
						"angle": 0,
						"zElevation": 0
					}
				},
				{
					"type": "GameText",
					"properties": {
						"text": "1. address",
						"enable-bbcode": true,
						"font": "Dispence",
						"size": 18,
						"line-height": 0,
						"bold": false,
						"italic": false,
						"color": [
							1,
							1,
							1,
							1
						],
						"horizontal-alignment": "left",
						"vertical-alignment": "top",
						"wrapping": "word",
						"initially-visible": true,
						"origin": "top-left"
					},
					"uid": 47,
					"instanceVariables": {
						"use": "address7"
					},
					"behaviors": {},
					"world": {
						"x": 672,
						"y": 240,
						"width": 272,
						"height": 40,
						"originX": 0,
						"originY": 0,
						"color": [
							1,
							1,
							1,
							1
						],
						"angle": 0,
						"zElevation": 0
					}
				},
				{
					"type": "GameText",
					"properties": {
						"text": "100",
						"enable-bbcode": true,
						"font": "Dispence",
						"size": 18,
						"line-height": 0,
						"bold": false,
						"italic": false,
						"color": [
							1,
							1,
							1,
							1
						],
						"horizontal-alignment": "left",
						"vertical-alignment": "top",
						"wrapping": "word",
						"initially-visible": true,
						"origin": "top-left"
					},
					"uid": 48,
					"instanceVariables": {
						"use": "score7"
					},
					"behaviors": {},
					"world": {
						"x": 952,
						"y": 240,
						"width": 216,
						"height": 40,
						"originX": 0,
						"originY": 0,
						"color": [
							1,
							1,
							1,
							1
						],
						"angle": 0,
						"zElevation": 0
					}
				},
				{
					"type": "GameText",
					"properties": {
						"text": "1. address",
						"enable-bbcode": true,
						"font": "Dispence",
						"size": 18,
						"line-height": 0,
						"bold": false,
						"italic": false,
						"color": [
							1,
							1,
							1,
							1
						],
						"horizontal-alignment": "left",
						"vertical-alignment": "top",
						"wrapping": "word",
						"initially-visible": true,
						"origin": "top-left"
					},
					"uid": 49,
					"instanceVariables": {
						"use": "address8"
					},
					"behaviors": {},
					"world": {
						"x": 672,
						"y": 288,
						"width": 272,
						"height": 40,
						"originX": 0,
						"originY": 0,
						"color": [
							1,
							1,
							1,
							1
						],
						"angle": 0,
						"zElevation": 0
					}
				},
				{
					"type": "GameText",
					"properties": {
						"text": "100",
						"enable-bbcode": true,
						"font": "Dispence",
						"size": 18,
						"line-height": 0,
						"bold": false,
						"italic": false,
						"color": [
							1,
							1,
							1,
							1
						],
						"horizontal-alignment": "left",
						"vertical-alignment": "top",
						"wrapping": "word",
						"initially-visible": true,
						"origin": "top-left"
					},
					"uid": 50,
					"instanceVariables": {
						"use": "score8"
					},
					"behaviors": {},
					"world": {
						"x": 952,
						"y": 288,
						"width": 216,
						"height": 40,
						"originX": 0,
						"originY": 0,
						"color": [
							1,
							1,
							1,
							1
						],
						"angle": 0,
						"zElevation": 0
					}
				},
				{
					"type": "GameText",
					"properties": {
						"text": "1. address",
						"enable-bbcode": true,
						"font": "Dispence",
						"size": 18,
						"line-height": 0,
						"bold": false,
						"italic": false,
						"color": [
							1,
							1,
							1,
							1
						],
						"horizontal-alignment": "left",
						"vertical-alignment": "top",
						"wrapping": "word",
						"initially-visible": true,
						"origin": "top-left"
					},
					"uid": 51,
					"instanceVariables": {
						"use": "address9"
					},
					"behaviors": {},
					"world": {
						"x": 672,
						"y": 336,
						"width": 272,
						"height": 40,
						"originX": 0,
						"originY": 0,
						"color": [
							1,
							1,
							1,
							1
						],
						"angle": 0,
						"zElevation": 0
					}
				},
				{
					"type": "GameText",
					"properties": {
						"text": "100",
						"enable-bbcode": true,
						"font": "Dispence",
						"size": 18,
						"line-height": 0,
						"bold": false,
						"italic": false,
						"color": [
							1,
							1,
							1,
							1
						],
						"horizontal-alignment": "left",
						"vertical-alignment": "top",
						"wrapping": "word",
						"initially-visible": true,
						"origin": "top-left"
					},
					"uid": 52,
					"instanceVariables": {
						"use": "score9"
					},
					"behaviors": {},
					"world": {
						"x": 952,
						"y": 336,
						"width": 216,
						"height": 40,
						"originX": 0,
						"originY": 0,
						"color": [
							1,
							1,
							1,
							1
						],
						"angle": 0,
						"zElevation": 0
					}
				},
				{
					"type": "GameText",
					"properties": {
						"text": "1. address",
						"enable-bbcode": true,
						"font": "Dispence",
						"size": 18,
						"line-height": 0,
						"bold": false,
						"italic": false,
						"color": [
							1,
							1,
							1,
							1
						],
						"horizontal-alignment": "left",
						"vertical-alignment": "top",
						"wrapping": "word",
						"initially-visible": true,
						"origin": "top-left"
					},
					"uid": 53,
					"instanceVariables": {
						"use": "address10"
					},
					"behaviors": {},
					"world": {
						"x": 672,
						"y": 384,
						"width": 272,
						"height": 40,
						"originX": 0,
						"originY": 0,
						"color": [
							1,
							1,
							1,
							1
						],
						"angle": 0,
						"zElevation": 0
					}
				},
				{
					"type": "GameText",
					"properties": {
						"text": "100",
						"enable-bbcode": true,
						"font": "Dispence",
						"size": 18,
						"line-height": 0,
						"bold": false,
						"italic": false,
						"color": [
							1,
							1,
							1,
							1
						],
						"horizontal-alignment": "left",
						"vertical-alignment": "top",
						"wrapping": "word",
						"initially-visible": true,
						"origin": "top-left"
					},
					"uid": 54,
					"instanceVariables": {
						"use": "score10"
					},
					"behaviors": {},
					"world": {
						"x": 952,
						"y": 384,
						"width": 216,
						"height": 40,
						"originX": 0,
						"originY": 0,
						"color": [
							1,
							1,
							1,
							1
						],
						"angle": 0,
						"zElevation": 0
					}
				},
				{
					"type": "GameText",
					"properties": {
						"text": "1. address",
						"enable-bbcode": true,
						"font": "Dispence",
						"size": 18,
						"line-height": 0,
						"bold": false,
						"italic": false,
						"color": [
							1,
							1,
							1,
							1
						],
						"horizontal-alignment": "left",
						"vertical-alignment": "top",
						"wrapping": "word",
						"initially-visible": true,
						"origin": "top-left"
					},
					"uid": 58,
					"instanceVariables": {
						"use": "myrank"
					},
					"behaviors": {},
					"world": {
						"x": 376,
						"y": 480,
						"width": 272,
						"height": 40,
						"originX": 0,
						"originY": 0,
						"color": [
							1,
							1,
							1,
							1
						],
						"angle": 0,
						"zElevation": 0
					}
				},
				{
					"type": "GameText",
					"properties": {
						"text": "100",
						"enable-bbcode": true,
						"font": "Dispence",
						"size": 18,
						"line-height": 0,
						"bold": false,
						"italic": false,
						"color": [
							1,
							1,
							1,
							1
						],
						"horizontal-alignment": "left",
						"vertical-alignment": "top",
						"wrapping": "word",
						"initially-visible": true,
						"origin": "top-left"
					},
					"uid": 59,
					"instanceVariables": {
						"use": "myscore"
					},
					"behaviors": {},
					"world": {
						"x": 656,
						"y": 480,
						"width": 216,
						"height": 40,
						"originX": 0,
						"originY": 0,
						"color": [
							1,
							1,
							1,
							1
						],
						"angle": 0,
						"zElevation": 0
					}
				}
			],
			"sid": 974684834760456,
			"effectTypes": [],
			"isInitiallyVisible": true,
			"isInitiallyInteractive": true,
			"color": [
				1,
				1,
				1,
				1
			],
			"backgroundColor": [
				0.3686274509803922,
				0.3686274509803922,
				0.3686274509803922,
				1
			],
			"isTransparent": true,
			"parallaxX": 1,
			"parallaxY": 1,
			"scaleRate": 1,
			"forceOwnTexture": false,
			"renderingMode": "3d",
			"drawOrder": "z-order",
			"useRenderCells": false,
			"blendMode": "normal",
			"zElevation": 0,
			"global": false
		},
		{
			"name": "buttons",
			"overriden": 0,
			"subLayers": [],
			"instances": [
				{
					"type": "Button",
					"properties": {
						"initially-visible": true,
						"initial-animation": "purple",
						"initial-frame": 0,
						"enable-collisions": true,
						"live-preview": false
					},
					"uid": 55,
					"instanceVariables": {
						"use": "start"
					},
					"behaviors": {},
					"world": {
						"x": 640,
						"y": 592,
						"width": 320,
						"height": 52,
						"originX": 0.5,
						"originY": 0.5,
						"color": [
							1,
							1,
							1,
							1
						],
						"angle": 0,
						"zElevation": 0
					}
				},
				{
					"type": "GameText",
					"properties": {
						"text": "Next",
						"enable-bbcode": true,
						"font": "Dispence",
						"size": 16,
						"line-height": 0,
						"bold": false,
						"italic": false,
						"color": [
							1,
							1,
							1,
							1
						],
						"horizontal-alignment": "center",
						"vertical-alignment": "top",
						"wrapping": "word",
						"initially-visible": true,
						"origin": "top-left"
					},
					"uid": 56,
					"instanceVariables": {
						"use": ""
					},
					"behaviors": {},
					"world": {
						"x": 488,
						"y": 576,
						"width": 306,
						"height": 32,
						"originX": 0,
						"originY": 0,
						"color": [
							1,
							1,
							1,
							1
						],
						"angle": 0,
						"zElevation": 0
					}
				}
			],
			"sid": 920979637321847,
			"effectTypes": [],
			"isInitiallyVisible": true,
			"isInitiallyInteractive": true,
			"color": [
				1,
				1,
				1,
				1
			],
			"backgroundColor": [
				0.3686274509803922,
				0.3686274509803922,
				0.3686274509803922,
				1
			],
			"isTransparent": true,
			"parallaxX": 1,
			"parallaxY": 1,
			"scaleRate": 1,
			"forceOwnTexture": false,
			"renderingMode": "3d",
			"drawOrder": "z-order",
			"useRenderCells": false,
			"blendMode": "normal",
			"zElevation": 0,
			"global": false
		}
	],
	"sid": 769768838494535,
	"nonworld-instances": [],
	"effectTypes": [],
	"width": 1280,
	"height": 720,
	"unboundedScrolling": false,
	"vpX": 0.5,
	"vpY": 0.5,
	"projection": "perspective",
	"eventSheet": "e_scoreboard"
}