{
	"name": "Shop",
	"layers": [
		{
			"name": "bg",
			"overriden": 0,
			"subLayers": [],
			"instances": [
				{
					"type": "Bg",
					"properties": {
						"initially-visible": true,
						"initial-animation": "Animation 1",
						"initial-frame": 0,
						"enable-collisions": true,
						"live-preview": false
					},
					"uid": 60,
					"instanceVariables": {},
					"behaviors": {},
					"world": {
						"x": 0,
						"y": 0,
						"width": 1280,
						"height": 720,
						"originX": 0,
						"originY": 0,
						"color": [
							1,
							1,
							1,
							0.3
						],
						"angle": 0,
						"zElevation": 0
					}
				}
			],
			"sid": 896338443380789,
			"effectTypes": [],
			"isInitiallyVisible": true,
			"isInitiallyInteractive": true,
			"color": [
				1,
				1,
				1,
				1
			],
			"backgroundColor": [
				0,
				0,
				0,
				1
			],
			"isTransparent": false,
			"parallaxX": 1,
			"parallaxY": 1,
			"scaleRate": 1,
			"forceOwnTexture": false,
			"renderingMode": "3d",
			"drawOrder": "z-order",
			"useRenderCells": false,
			"blendMode": "normal",
			"zElevation": 0,
			"global": false
		},
		{
			"name": "ui",
			"overriden": 0,
			"subLayers": [],
			"instances": [
				{
					"type": "BuyPerksHeader",
					"properties": {
						"initially-visible": true,
						"initial-animation": "Animation 1",
						"initial-frame": 0,
						"enable-collisions": true,
						"live-preview": false
					},
					"uid": 67,
					"instanceVariables": {},
					"behaviors": {},
					"world": {
						"x": 653,
						"y": 100,
						"width": 413.1031799540347,
						"height": 46.96163317396541,
						"originX": 0.5009633911368016,
						"originY": 0.652542372881356,
						"color": [
							1,
							1,
							1,
							1
						],
						"angle": 0,
						"zElevation": 0
					}
				},
				{
					"type": "GameText",
					"properties": {
						"text": "Perk Name",
						"enable-bbcode": true,
						"font": "Dispence",
						"size": 14,
						"line-height": 0,
						"bold": false,
						"italic": false,
						"color": [
							0.7803921568627451,
							0.7803921568627451,
							0.7803921568627451,
							1
						],
						"horizontal-alignment": "center",
						"vertical-alignment": "top",
						"wrapping": "word",
						"initially-visible": true,
						"origin": "top-left"
					},
					"uid": 68,
					"instanceVariables": {
						"use": "title"
					},
					"behaviors": {},
					"world": {
						"x": 415,
						"y": 341,
						"width": 486,
						"height": 32,
						"originX": 0,
						"originY": 0,
						"color": [
							1,
							1,
							1,
							1
						],
						"angle": 0,
						"zElevation": 0
					}
				},
				{
					"type": "GameText",
					"properties": {
						"text": "Description",
						"enable-bbcode": true,
						"font": "Dispence",
						"size": 10,
						"line-height": 0,
						"bold": false,
						"italic": false,
						"color": [
							0.7803921568627451,
							0.7803921568627451,
							0.7803921568627451,
							1
						],
						"horizontal-alignment": "center",
						"vertical-alignment": "top",
						"wrapping": "word",
						"initially-visible": true,
						"origin": "top-left"
					},
					"uid": 69,
					"instanceVariables": {
						"use": "description"
					},
					"behaviors": {},
					"world": {
						"x": 260,
						"y": 385,
						"width": 797,
						"height": 98,
						"originX": 0,
						"originY": 0,
						"color": [
							1,
							1,
							1,
							1
						],
						"angle": 0,
						"zElevation": 0
					}
				},
				{
					"type": "GameText",
					"properties": {
						"text": "30 $USDT",
						"enable-bbcode": true,
						"font": "Dispence",
						"size": 12,
						"line-height": 0,
						"bold": false,
						"italic": false,
						"color": [
							0.7803921568627451,
							0.7803921568627451,
							0.7803921568627451,
							1
						],
						"horizontal-alignment": "center",
						"vertical-alignment": "top",
						"wrapping": "word",
						"initially-visible": true,
						"origin": "top-left"
					},
					"uid": 70,
					"instanceVariables": {
						"use": "cost"
					},
					"behaviors": {},
					"world": {
						"x": 414,
						"y": 497,
						"width": 486,
						"height": 33,
						"originX": 0,
						"originY": 0,
						"color": [
							1,
							1,
							1,
							1
						],
						"angle": 0,
						"zElevation": 0
					}
				}
			],
			"sid": 791427587511707,
			"effectTypes": [],
			"isInitiallyVisible": true,
			"isInitiallyInteractive": true,
			"color": [
				1,
				1,
				1,
				1
			],
			"backgroundColor": [
				0.3686274509803922,
				0.3686274509803922,
				0.3686274509803922,
				1
			],
			"isTransparent": true,
			"parallaxX": 1,
			"parallaxY": 1,
			"scaleRate": 1,
			"forceOwnTexture": false,
			"renderingMode": "3d",
			"drawOrder": "z-order",
			"useRenderCells": false,
			"blendMode": "normal",
			"zElevation": 0,
			"global": false
		},
		{
			"name": "buttons",
			"overriden": 0,
			"subLayers": [],
			"instances": [
				{
					"type": "ShopCursor",
					"properties": {
						"initially-visible": true,
						"initial-animation": "Animation 1",
						"initial-frame": 0,
						"enable-collisions": true,
						"live-preview": false
					},
					"uid": 74,
					"instanceVariables": {},
					"behaviors": {},
					"world": {
						"x": 580.6653836029265,
						"y": 267.4529878498298,
						"width": 111.75498807542886,
						"height": 111.75498807542886,
						"originX": 0.5,
						"originY": 0.5,
						"color": [
							1,
							1,
							1,
							1
						],
						"angle": 0,
						"zElevation": 0
					}
				},
				{
					"type": "Button",
					"properties": {
						"initially-visible": true,
						"initial-animation": "purple",
						"initial-frame": 0,
						"enable-collisions": true,
						"live-preview": false
					},
					"uid": 64,
					"instanceVariables": {
						"use": "back"
					},
					"behaviors": {},
					"world": {
						"x": 660,
						"y": 650,
						"width": 320,
						"height": 52,
						"originX": 0.5,
						"originY": 0.5,
						"color": [
							1,
							1,
							1,
							1
						],
						"angle": 0,
						"zElevation": 0
					}
				},
				{
					"type": "GameText",
					"properties": {
						"text": "Back",
						"enable-bbcode": true,
						"font": "Dispence",
						"size": 18,
						"line-height": 0,
						"bold": false,
						"italic": false,
						"color": [
							1,
							1,
							1,
							1
						],
						"horizontal-alignment": "center",
						"vertical-alignment": "top",
						"wrapping": "word",
						"initially-visible": true,
						"origin": "top-left"
					},
					"uid": 65,
					"instanceVariables": {
						"use": ""
					},
					"behaviors": {},
					"world": {
						"x": 540,
						"y": 635,
						"width": 243,
						"height": 48,
						"originX": 0,
						"originY": 0,
						"color": [
							1,
							1,
							1,
							1
						],
						"angle": 0,
						"zElevation": 0
					}
				},
				{
					"type": "Perks",
					"properties": {
						"initially-visible": true,
						"initial-animation": "Spread Gun",
						"initial-frame": 0,
						"enable-collisions": true,
						"live-preview": false
					},
					"uid": 63,
					"instanceVariables": {
						"no": 1
					},
					"behaviors": {},
					"world": {
						"x": 580,
						"y": 267,
						"width": 98.00547018670962,
						"height": 98.00547018670962,
						"originX": 0.5,
						"originY": 0.5,
						"color": [
							1,
							1,
							1,
							1
						],
						"angle": 0,
						"zElevation": 0
					}
				},
				{
					"type": "Perks",
					"properties": {
						"initially-visible": true,
						"initial-animation": "Life Up",
						"initial-frame": 0,
						"enable-collisions": true,
						"live-preview": false
					},
					"uid": 66,
					"instanceVariables": {
						"no": 2
					},
					"behaviors": {},
					"world": {
						"x": 713,
						"y": 268,
						"width": 98.51327055037133,
						"height": 98.51327055037133,
						"originX": 0.5,
						"originY": 0.5,
						"color": [
							1,
							1,
							1,
							1
						],
						"angle": 0,
						"zElevation": 0
					}
				},
				{
					"type": "Button",
					"properties": {
						"initially-visible": true,
						"initial-animation": "orange",
						"initial-frame": 0,
						"enable-collisions": true,
						"live-preview": false
					},
					"uid": 71,
					"instanceVariables": {
						"use": "buy"
					},
					"behaviors": {},
					"world": {
						"x": 659.4328659672772,
						"y": 570.0936783893337,
						"width": 319.46495710633684,
						"height": 52.768765236314565,
						"originX": 0.5,
						"originY": 0.5,
						"color": [
							1,
							1,
							1,
							1
						],
						"angle": 0,
						"zElevation": 0
					}
				},
				{
					"type": "GameText",
					"properties": {
						"text": "buy",
						"enable-bbcode": true,
						"font": "Dispence",
						"size": 20,
						"line-height": 0,
						"bold": false,
						"italic": false,
						"color": [
							1,
							1,
							1,
							1
						],
						"horizontal-alignment": "center",
						"vertical-alignment": "top",
						"wrapping": "word",
						"initially-visible": true,
						"origin": "top-left"
					},
					"uid": 72,
					"instanceVariables": {
						"use": "buy"
					},
					"behaviors": {},
					"world": {
						"x": 507,
						"y": 554,
						"width": 303,
						"height": 33,
						"originX": 0,
						"originY": 0,
						"color": [
							1,
							1,
							1,
							1
						],
						"angle": 0,
						"zElevation": 0
					}
				}
			],
			"sid": 244915873440132,
			"effectTypes": [],
			"isInitiallyVisible": true,
			"isInitiallyInteractive": true,
			"color": [
				1,
				1,
				1,
				1
			],
			"backgroundColor": [
				0.3686274509803922,
				0.3686274509803922,
				0.3686274509803922,
				1
			],
			"isTransparent": true,
			"parallaxX": 1,
			"parallaxY": 1,
			"scaleRate": 1,
			"forceOwnTexture": false,
			"renderingMode": "3d",
			"drawOrder": "z-order",
			"useRenderCells": false,
			"blendMode": "normal",
			"zElevation": 0,
			"global": false
		}
	],
	"sid": 694066303059006,
	"nonworld-instances": [],
	"effectTypes": [],
	"width": 1280,
	"height": 720,
	"unboundedScrolling": false,
	"vpX": 0.5,
	"vpY": 0.5,
	"projection": "perspective",
	"eventSheet": "e_shop"
}