{"propertiesBar":{"properties":[{"name":"About","expanded":true,"children":[]},{"name":"Colors","expanded":true,"children":[]},{"name":"Startup","expanded":true,"children":[]},{"name":"Display","expanded":true,"children":[{"name":"Viewport size","expanded":false,"children":[]}]},{"name":"Advanced","expanded":false,"children":[]},{"name":"Editor","expanded":true,"children":[]}],"scrollPosition":0},"openTabs":{"active":{"name":"e_game","type":"eventSheet"},"open":[{"name":"Game","type":"layout"},{"name":"e_game","type":"eventSheet"},{"name":"Hidden","type":"layout"},{"name":"Start","type":"layout"},{"name":"e_start","type":"eventSheet"},{"name":"main.js","type":"projectFile"},{"name":"e_result","type":"eventSheet"},{"name":"Result","type":"layout"},{"name":"e_scoreboard","type":"eventSheet"},{"name":"Scoreboard","type":"layout"},{"name":"e_shop","type":"eventSheet"},{"name":"Shop","type":"layout"},{"name":"_perks","type":"eventSheet"},{"name":"e_equip","type":"eventSheet"}]},"previewEffects":true,"previewBrowser":"default","pauseOnUnfocus":false,"projectBar":{"name":"<root>","children":[{"name":"Galaxy Gang Asteroid Strike","expanded":true,"children":[{"name":"Layouts","expanded":true,"children":[{"name":"Start","expanded":true,"children":[]},{"name":"Game","expanded":true,"children":[]},{"name":"Result","expanded":true,"children":[]},{"name":"Scoreboard","expanded":true,"children":[]},{"name":"Shop","expanded":true,"children":[]},{"name":"Hidden","expanded":true,"children":[]},{"name":"Equip","expanded":true,"children":[]}]},{"name":"Event sheets","expanded":true,"children":[{"name":"_perks","expanded":true,"children":[]},{"name":"e_equip","expanded":true,"children":[]},{"name":"e_game","expanded":true,"children":[]},{"name":"e_result","expanded":true,"children":[]},{"name":"e_scoreboard","expanded":true,"children":[]},{"name":"e_shop","expanded":true,"children":[]},{"name":"e_start","expanded":true,"children":[]}]},{"name":"Scripts","expanded":true,"children":[{"name":"main.js","expanded":true,"children":[]},{"name":"moralis.min.js","expanded":true,"children":[]},{"name":"web3.js","expanded":true,"children":[]}]},{"name":"Object types","expanded":true,"children":[{"name":"firebase","expanded":true,"children":[{"name":"FirebaseV9RDBasic","expanded":true,"children":[]},{"name":"FirebaseV9SDK","expanded":true,"children":[]},{"name":"JSONScore","expanded":true,"children":[]}]},{"name":"AsteroidBig","expanded":true,"children":[]},{"name":"AsteroidMedium","expanded":true,"children":[]},{"name":"AsteroidSmall","expanded":true,"children":[]},{"name":"AsteroidsStrikeTitle","expanded":true,"children":[]},{"name":"Audio","expanded":true,"children":[]},{"name":"Bg","expanded":true,"children":[]},{"name":"Button","expanded":true,"children":[]},{"name":"BuyPerksHeader","expanded":true,"children":[]},{"name":"Enemy","expanded":true,"children":[]},{"name":"Explosion","expanded":true,"children":[]},{"name":"Gameover","expanded":true,"children":[]},{"name":"GameText","expanded":true,"children":[]},{"name":"Highscore","expanded":true,"children":[]},{"name":"HitParticle","expanded":true,"children":[]},{"name":"HitParticle2","expanded":true,"children":[]},{"name":"HitParticle3","expanded":true,"children":[]},{"name":"HitParticle4","expanded":true,"children":[]},{"name":"Keyboard","expanded":true,"children":[]},{"name":"LaserBasic1","expanded":true,"children":[]},{"name":"LaserEnemy1","expanded":true,"children":[]},{"name":"Lifes","expanded":true,"children":[]},{"name":"logo","expanded":true,"children":[]},{"name":"Perks","expanded":true,"children":[]},{"name":"PerksData","expanded":true,"children":[]},{"name":"Player","expanded":true,"children":[]},{"name":"PlayerPerks","expanded":true,"children":[]},{"name":"ShopCursor","expanded":true,"children":[]},{"name":"Thruster","expanded":true,"children":[]},{"name":"Touch","expanded":true,"children":[]}]},{"name":"Families","expanded":true,"children":[{"name":"Asteroids","expanded":false,"children":[{"name":"AsteroidBig","expanded":true,"children":[]},{"name":"AsteroidMedium","expanded":true,"children":[]},{"name":"AsteroidSmall","expanded":true,"children":[]}]}]},{"name":"Timelines","expanded":true,"children":[{"name":"Eases","expanded":false,"children":[]},{"name":"Timeline 1","expanded":true,"children":[]}]},{"name":"Sounds","expanded":true,"children":[{"name":"explosion.webm","expanded":true,"children":[]},{"name":"hit enemy.webm","expanded":true,"children":[]},{"name":"hit meteor.webm","expanded":true,"children":[]},{"name":"laser basic 1.webm","expanded":true,"children":[]},{"name":"laser enemy 1.webm","expanded":true,"children":[]},{"name":"thrust.webm","expanded":true,"children":[]}]},{"name":"Music","expanded":true,"children":[]},{"name":"Videos","expanded":true,"children":[]},{"name":"Fonts","expanded":true,"children":[]},{"name":"Icons","expanded":false,"children":[{"name":"icon-128.png","expanded":true,"children":[]},{"name":"icon-16.png","expanded":true,"children":[]},{"name":"icon-256.png","expanded":true,"children":[]},{"name":"icon-32.png","expanded":true,"children":[]},{"name":"icon-512.png","expanded":true,"children":[]},{"name":"icon-64.png","expanded":true,"children":[]},{"name":"loading-logo.png","expanded":true,"children":[]}]},{"name":"Files","expanded":true,"children":[]}]}]},"propertiesBarActiveObject":{"name":"Galaxy Gang Asteroid Strike","type":"project"}}