{
	"name": "Bg",
	"plugin-id": "Sprite",
	"sid": 674447611633646,
	"isGlobal": false,
	"instanceVariables": [],
	"behaviorTypes": [],
	"effectTypes": [],
	"animations": {
		"items": [
			{
				"frames": [
					{
						"width": 1280,
						"height": 720,
						"originX": 0,
						"originY": 0,
						"originalSource": "",
						"exportFormat": "lossless",
						"exportQuality": 0.8,
						"imageSpriteId": 8804610,
						"collisionPoly": {
							"points": [
								1,
								0,
								1,
								0.5,
								1,
								0.9990740740740741,
								0.5,
								0.9990740740740741,
								0.0005208333333333037,
								0.9990740740740741,
								0.0005208333333333037,
								0.5,
								0.0005208333333333037,
								0,
								0.5,
								0
							]
						},
						"useCollisionPoly": true,
						"duration": 1
					}
				],
				"sid": 687882018804786,
				"name": "Animation 1",
				"isLooping": false,
				"isPingPong": false,
				"repeatCount": 1,
				"repeatTo": 0,
				"speed": 5
			}
		],
		"subfolders": []
	}
}