{
	"name": "BuyPerksHeader",
	"plugin-id": "Sprite",
	"sid": 867619139240092,
	"isGlobal": false,
	"instanceVariables": [],
	"behaviorTypes": [],
	"effectTypes": [],
	"animations": {
		"items": [
			{
				"frames": [
					{
						"width": 519,
						"height": 59,
						"originX": 0.5009633911368016,
						"originY": 0.652542372881356,
						"originalSource": "",
						"exportFormat": "lossless",
						"exportQuality": 0.8,
						"imageSpriteId": 3266927,
						"useCollisionPoly": true,
						"duration": 1
					}
				],
				"sid": 115415334489214,
				"name": "Animation 1",
				"isLooping": false,
				"isPingPong": false,
				"repeatCount": 1,
				"repeatTo": 0,
				"speed": 5
			}
		],
		"subfolders": []
	}
}