{
	"name": "Explosion",
	"plugin-id": "Sprite",
	"sid": 871950171449230,
	"isGlobal": false,
	"instanceVariables": [],
	"behaviorTypes": [
		{
			"behaviorId": "Sin",
			"name": "Sine",
			"sid": 284494242041573
		},
		{
			"behaviorId": "Fade",
			"name": "Fade",
			"sid": 732923707521254
		}
	],
	"effectTypes": [],
	"animations": {
		"items": [
			{
				"frames": [
					{
						"width": 170,
						"height": 170,
						"originX": 0.5,
						"originY": 0.5,
						"originalSource": "",
						"exportFormat": "lossless",
						"exportQuality": 0.8,
						"imageSpriteId": 5827476,
						"useCollisionPoly": true,
						"duration": 1
					}
				],
				"sid": 877795063298618,
				"name": "Animation 1",
				"isLooping": false,
				"isPingPong": false,
				"repeatCount": 1,
				"repeatTo": 0,
				"speed": 12
			}
		],
		"subfolders": []
	}
}