{
	"name": "Lifes",
	"plugin-id": "Sprite",
	"sid": 582443236817666,
	"isGlobal": false,
	"instanceVariables": [],
	"behaviorTypes": [],
	"effectTypes": [],
	"animations": {
		"items": [
			{
				"frames": [
					{
						"width": 993,
						"height": 152,
						"originX": 0.5,
						"originY": 0.5,
						"originalSource": "",
						"exportFormat": "lossless",
						"exportQuality": 0.8,
						"imageSpriteId": 9496353,
						"collisionPoly": {
							"points": [
								0.09969788519637462,
								0.02631578947368421,
								0.5609264853977844,
								0.11842105263157894,
								0.9677744209466264,
								0.375,
								0.9798590130916415,
								0.40789473684210525,
								0.9718026183282981,
								0.4605263157894737,
								0.5609264853977844,
								0.47368421052631576,
								0.08459214501510574,
								0.881578947368421,
								0.02014098690835851,
								0.40789473684210525
							]
						},
						"useCollisionPoly": true,
						"duration": 1
					},
					{
						"width": 993,
						"height": 152,
						"originX": 0.5,
						"originY": 0.5,
						"originalSource": "",
						"exportFormat": "lossless",
						"exportQuality": 0.8,
						"imageSpriteId": 5865548,
						"collisionPoly": {
							"points": [
								0.09969788519637462,
								0.02631578947368421,
								0.5609264853977844,
								0.11842105263157894,
								0.9677744209466264,
								0.375,
								0.9798590130916415,
								0.40789473684210525,
								0.9718026183282981,
								0.4605263157894737,
								0.5609264853977844,
								0.47368421052631576,
								0.08459214501510574,
								0.881578947368421,
								0.02014098690835851,
								0.40789473684210525
							]
						},
						"useCollisionPoly": true,
						"duration": 1
					},
					{
						"width": 993,
						"height": 152,
						"originX": 0.5,
						"originY": 0.5,
						"originalSource": "",
						"exportFormat": "lossless",
						"exportQuality": 0.8,
						"imageSpriteId": 4169383,
						"collisionPoly": {
							"points": [
								0.09969788519637462,
								0.02631578947368421,
								0.5609264853977844,
								0.11842105263157894,
								0.9677744209466264,
								0.375,
								0.9798590130916415,
								0.40789473684210525,
								0.9718026183282981,
								0.4605263157894737,
								0.5609264853977844,
								0.47368421052631576,
								0.08459214501510574,
								0.881578947368421,
								0.02014098690835851,
								0.40789473684210525
							]
						},
						"useCollisionPoly": true,
						"duration": 1
					},
					{
						"width": 993,
						"height": 152,
						"originX": 0.5,
						"originY": 0.5,
						"originalSource": "",
						"exportFormat": "lossless",
						"exportQuality": 0.8,
						"imageSpriteId": 6528569,
						"collisionPoly": {
							"points": [
								0.09969788519637462,
								0.02631578947368421,
								0.5609264853977844,
								0.11842105263157894,
								0.9677744209466264,
								0.375,
								0.9798590130916415,
								0.40789473684210525,
								0.9718026183282981,
								0.4605263157894737,
								0.5609264853977844,
								0.47368421052631576,
								0.08459214501510574,
								0.881578947368421,
								0.02014098690835851,
								0.40789473684210525
							]
						},
						"useCollisionPoly": true,
						"duration": 1
					},
					{
						"width": 993,
						"height": 152,
						"originX": 0.5,
						"originY": 0.5,
						"originalSource": "",
						"exportFormat": "lossless",
						"exportQuality": 0.8,
						"imageSpriteId": 483643,
						"collisionPoly": {
							"points": [
								0.09969788519637462,
								0.02631578947368421,
								0.5609264853977844,
								0.11842105263157894,
								0.9677744209466264,
								0.375,
								0.9798590130916415,
								0.40789473684210525,
								0.9718026183282981,
								0.4605263157894737,
								0.5609264853977844,
								0.47368421052631576,
								0.08459214501510574,
								0.881578947368421,
								0.02014098690835851,
								0.40789473684210525
							]
						},
						"useCollisionPoly": true,
						"duration": 1
					},
					{
						"width": 993,
						"height": 152,
						"originX": 0.5,
						"originY": 0.5,
						"originalSource": "",
						"exportFormat": "lossless",
						"exportQuality": 0.8,
						"imageSpriteId": 7711310,
						"collisionPoly": {
							"points": [
								0.09969788519637462,
								0.02631578947368421,
								0.5609264853977844,
								0.11842105263157894,
								0.9677744209466264,
								0.375,
								0.9798590130916415,
								0.40789473684210525,
								0.9718026183282981,
								0.4605263157894737,
								0.5609264853977844,
								0.47368421052631576,
								0.08459214501510574,
								0.881578947368421,
								0.02014098690835851,
								0.40789473684210525
							]
						},
						"useCollisionPoly": true,
						"duration": 1
					}
				],
				"sid": 242256786932981,
				"name": "Animation 1",
				"isLooping": false,
				"isPingPong": false,
				"repeatCount": 1,
				"repeatTo": 0,
				"speed": 0
			}
		],
		"subfolders": []
	}
}